Date,Name,Year,Letterboxd URI
2023-04-10,Untitled Peaky Blinders Film,,https://boxd.it/x3yq
2023-04-11,Memento,2000,https://boxd.it/2bcK
2023-04-11,Dunkirk,2017,https://boxd.it/d0Y6
2023-04-13,Fury,2014,https://boxd.it/6JwC
2023-04-13,Inglourious Basterds,2009,https://boxd.it/1JzG
2023-04-14,Mad Max: Fury Road,2015,https://boxd.it/2DjO
2023-04-14,Stuart: A Life Backwards,2007,https://boxd.it/EAM
2023-04-14,The Revenant,2015,https://boxd.it/8H5e
2023-04-14,Warrior,2011,https://boxd.it/i3G
2023-04-16,Dallas Buyers Club,2013,https://boxd.it/4O8G
2023-04-20,Parasite,2019,https://boxd.it/hTha
2023-04-20,Kill Bill: The Whole Bloody Affair,2006,https://boxd.it/eCrQ
2023-04-20,Kill Bill: Vol. 1,2003,https://boxd.it/70w
2023-07-10,Ford v Ferrari,2019,https://boxd.it/ce74
2023-07-10,The Aviator,2004,https://boxd.it/26BU
2023-07-10,Once Upon a Time… in Hollywood,2019,https://boxd.it/gH0O
2023-07-10,The Departed,2006,https://boxd.it/28MA
2023-07-10,The Shawshank Redemption,1994,https://boxd.it/2aHi
2023-07-10,There Will Be Blood,2007,https://boxd.it/20Z2
2023-07-17,Fight Club,1999,https://boxd.it/2a9q
2023-07-17,Donnie Darko,2001,https://boxd.it/2b2A
2023-07-17,End of Watch,2012,https://boxd.it/2F5O
2023-07-18,Arrival,2016,https://boxd.it/aNGk
2023-07-18,The Big Lebowski,1998,https://boxd.it/2b6C
2023-07-18,John Wick: Chapter 4,2023,https://boxd.it/mh48
2023-07-18,Se7en,1995,https://boxd.it/29zs
2023-07-18,All Quiet on the Western Front,2022,https://boxd.it/H08
2023-07-18,Titanic,1997,https://boxd.it/2a2k
2023-07-18,GoodFellas,1990,https://boxd.it/29FA
2023-07-18,Good Time,2017,https://boxd.it/fcFu
2023-07-18,Coherence,2013,https://boxd.it/6xza
2023-07-18,Primer,2004,https://boxd.it/6YA
2023-07-18,Oldboy,2003,https://boxd.it/29R2
2023-07-18,The Invisible Guest,2016,https://boxd.it/euce
2023-07-18,Primal Fear,1996,https://boxd.it/28ws
2023-07-18,Thirteen Lives,2022,https://boxd.it/q7O4
2023-07-18,Everything Everywhere All at Once,2022,https://boxd.it/jUk4
2023-07-20,Drive,2011,https://boxd.it/IG
2023-07-20,Pulp Fiction,1994,https://boxd.it/29Pq
2023-07-21,The Skin I Live In,2011,https://boxd.it/99A
2023-07-21,Spider-Man: Across the Spider-Verse,2023,https://boxd.it/kSz4
2023-07-21,Spider-Man: Into the Spider-Verse,2018,https://boxd.it/azpY
2023-07-22,Unforgiven,1992,https://boxd.it/6Z4
2023-07-22,Malcolm X,1992,https://boxd.it/27WE
2023-07-23,Reservoir Dogs,1992,https://boxd.it/2agc
2023-07-23,Schindler's List,1993,https://boxd.it/2aq2
2023-07-23,La Haine,1995,https://boxd.it/2as8
2023-07-23,Heat,1995,https://boxd.it/2bg8
2023-07-23,When We Were Kings,1996,https://boxd.it/1VZm
2023-07-23,Cure,1997,https://boxd.it/1blA
2023-07-23,Life Is Beautiful,1997,https://boxd.it/29Wm
2023-07-23,Fireworks,1997,https://boxd.it/22mQ
2023-07-23,"Lock, Stock and Two Smoking Barrels",1998,https://boxd.it/2b92
2023-07-23,The Insider,1999,https://boxd.it/1ZoE
2023-07-24,The Green Mile,1999,https://boxd.it/2agG
2023-07-24,"O Brother, Where Art Thou?",2000,https://boxd.it/2b3I
2023-07-26,The Killer,2023,https://boxd.it/u6WE
2023-07-27,Band of Brothers,2001,https://boxd.it/aRNY
2023-07-28,In the Name of the Father,1993,https://boxd.it/20I6
2023-07-28,Snatch,2000,https://boxd.it/2b7U
2023-07-28,The Fighter,2010,https://boxd.it/PP4
2023-07-29,Enemy,2013,https://boxd.it/5xtO
2023-07-29,Nocturnal Animals,2016,https://boxd.it/bkFu
2023-07-31,The Intouchables,2011,https://boxd.it/2FT0
2023-07-31,The Usual Suspects,1995,https://boxd.it/29XE
2023-08-02,Apocalypse Now,1979,https://boxd.it/6ZS
2023-08-02,Spirited Away,2001,https://boxd.it/2b4m
2023-08-02,Memories of Murder,2003,https://boxd.it/1TSo
2023-08-02,Mother,2009,https://boxd.it/1m9g
2023-08-05,The Ballad of Buster Scruggs,2018,https://boxd.it/jB2q
2023-08-06,Training Day,2001,https://boxd.it/27A4
2023-08-06,Adaptation.,2002,https://boxd.it/26mA
2023-08-06,City of God,2002,https://boxd.it/2a2a
2023-08-06,Infernal Affairs,2002,https://boxd.it/1Vqw
2023-08-06,Sympathy for Mr. Vengeance,2002,https://boxd.it/23WU
2023-08-07,The Hateful Eight,2015,https://boxd.it/8gw8
2023-08-07,Jackie Brown,1997,https://boxd.it/2aVO
2023-08-14,Ex Machina,2015,https://boxd.it/7T2k
2023-08-15,The Place Beyond the Pines,2012,https://boxd.it/3mDu
2023-08-15,Jaws,1975,https://boxd.it/2a5e
2023-08-15,A Beautiful Mind,2001,https://boxd.it/2amk
2023-08-18,Leon: The Professional,1994,https://boxd.it/2b8S
2023-08-18,Casino,1995,https://boxd.it/2ads
2023-08-18,Sicario,2015,https://boxd.it/8i7u
2023-08-19,Up in the Air,2009,https://boxd.it/1zPY
2023-08-19,The Grand Budapest Hotel,2014,https://boxd.it/3ZqO
2023-08-19,The Manchurian Candidate,1962,https://boxd.it/299Y
2023-08-24,2046,2004,https://boxd.it/29tu
2023-08-24,Kill Bill: Vol. 2,2004,https://boxd.it/2au4
2023-08-24,Grizzly Man,2005,https://boxd.it/2ag2
2023-08-24,Children of Men,2006,https://boxd.it/1Y2i
2023-08-24,The Lives of Others,2006,https://boxd.it/2a4A
2023-08-24,Casino Royale,2006,https://boxd.it/1alk
2023-08-24,Little Miss Sunshine,2006,https://boxd.it/29EW
2023-08-25,Exiled,2006,https://boxd.it/1Pn2
2023-08-27,Hot Fuzz,2007,https://boxd.it/2416
2023-08-27,Love Exposure,2008,https://boxd.it/1pDe
2023-08-27,In Bruges,2008,https://boxd.it/20n8
2023-08-27,35 Shots of Rum,2008,https://boxd.it/1unA
2023-08-27,The Cove,2009,https://boxd.it/1zCq
2023-08-27,Castaway on the Moon,2009,https://boxd.it/1GXU
2023-08-27,What's Eating Gilbert Grape,1993,https://boxd.it/28xg
2023-08-28,"The Good, the Bad and the Ugly",1966,https://boxd.it/2ape
2023-08-29,American History X,1998,https://boxd.it/2bdo
2023-08-29,The Lighthouse,2019,https://boxd.it/icFU
2023-08-29,Mickey 17,,https://boxd.it/q1Dk
2023-08-30,Empire of the Sun,1987,https://boxd.it/1X4i
2023-08-31,Incendies,2010,https://boxd.it/Msm
2023-08-31,Blade Runner 2049,2017,https://boxd.it/b8wK
2023-09-04,Come and See,1985,https://boxd.it/1w9q
2023-09-07,Ed Wood,1994,https://boxd.it/2adM
2023-09-07,Dead Man,1995,https://boxd.it/29h4
2023-09-07,Pirates of the Caribbean: The Curse of the Black Pearl,2003,https://boxd.it/70G
2023-09-08,Skyfall,2012,https://boxd.it/17Fc
2023-09-13,The Host,2006,https://boxd.it/28ZY
2023-09-13,The Wind That Shakes the Barley,2006,https://boxd.it/293Q
2023-09-16,The Master,2012,https://boxd.it/2cBG
2023-09-16,Get Out,2017,https://boxd.it/eOCm
2023-09-26,Fargo,1996,https://boxd.it/2aHM
2023-09-26,1917,2019,https://boxd.it/jj4y
2023-09-26,Barton Fink,1991,https://boxd.it/2aFQ
2023-10-01,Mission: Impossible – Fallout,2018,https://boxd.it/bSVc
2023-10-01,Baby Driver,2017,https://boxd.it/bhF2
2023-10-01,Dead Poets Society,1989,https://boxd.it/2aSg
2023-10-01,Ferris Bueller's Day Off,1986,https://boxd.it/1YPY
2023-10-01,The Social Network,2010,https://boxd.it/17ue
2023-10-01,The Martian,2015,https://boxd.it/8SeG
2023-10-03,The Fall,2006,https://boxd.it/1NoM
2023-10-05,Escape at Dannemora,2018,https://boxd.it/l0jo
2023-10-10,Lone Star,1996,https://boxd.it/1tge
2023-10-11,L.A. Confidential,1997,https://boxd.it/27oC
2023-10-11,3:10 to Yuma,2007,https://boxd.it/23g0
2023-10-11,American Gangster,2007,https://boxd.it/23wi
2023-10-11,Cinderella Man,2005,https://boxd.it/29he
2023-10-11,The Nice Guys,2016,https://boxd.it/94Hg
2023-10-11,Master and Commander: The Far Side of the World,2003,https://boxd.it/200S
2023-10-16,28 Days Later,2002,https://boxd.it/2aXU
2023-10-17,Her,2013,https://boxd.it/4O24
2023-10-17,Nope,2022,https://boxd.it/sDCe
2023-10-22,Raging Bull,1980,https://boxd.it/28yI
2023-10-25,Scarface,1983,https://boxd.it/2b7g
2023-10-27,My Left Foot: The Story of Christy Brown,1989,https://boxd.it/1WW4
2023-10-30,Hitting the Apex,2015,https://boxd.it/c6zY
2023-10-30,Twelve Monkeys,1995,https://boxd.it/2beQ
2023-10-30,Chinatown,1974,https://boxd.it/29vU
2023-10-30,Blue Valentine,2010,https://boxd.it/MxG
2023-10-30,First Man,2018,https://boxd.it/cPym
2023-10-30,Blade Runner,1982,https://boxd.it/2bcA
2023-10-30,La La Land,2016,https://boxd.it/a5fa
2023-10-31,Demolition,2015,https://boxd.it/9GuY
2023-11-04,The Hunt,2012,https://boxd.it/3wEC
2023-11-05,Harakiri,1962,https://boxd.it/1NTU
2023-11-05,Ran,1985,https://boxd.it/1Tlu
2023-11-05,12 Angry Men,1957,https://boxd.it/2auI
2023-11-05,Gone Girl,2014,https://boxd.it/6hQu
2023-11-06,V for Vendetta,2005,https://boxd.it/29Ik
2023-11-06,Raiders of the Lost Ark,1981,https://boxd.it/2bbs
2023-11-06,Munich,2005,https://boxd.it/2a0e
2023-11-06,Duel,1971,https://boxd.it/29ui
2023-11-06,Close Encounters of the Third Kind,1977,https://boxd.it/29u8
2023-11-06,The Fabelmans,2022,https://boxd.it/ugoM
2023-11-06,Indiana Jones and the Last Crusade,1989,https://boxd.it/2baO
2023-11-06,The Irishman,2019,https://boxd.it/dYOq
2023-11-06,The King of Comedy,1982,https://boxd.it/2aJS
2023-11-06,Silence,2016,https://boxd.it/2cAo
2023-11-06,After Hours,1985,https://boxd.it/1VfS
2023-11-06,The Sixth Sense,1999,https://boxd.it/29Js
2023-11-07,John Wick: Chapter 2,2017,https://boxd.it/ayGu
2023-11-07,John Wick: Chapter 3 – Parabellum,2019,https://boxd.it/gmFw
2023-11-12,The Seventh Seal,1957,https://boxd.it/2ahO
2023-11-22,Seven Samurai,1954,https://boxd.it/2axi
2023-11-22,Stalker,1979,https://boxd.it/28PO
2023-11-22,Fear and Loathing in Las Vegas,1998,https://boxd.it/27Xs
2023-11-22,Enter the Dragon,1973,https://boxd.it/1YCA
2023-11-24,Saltburn,2023,https://boxd.it/z4eg
2023-11-26,Lost in Translation,2003,https://boxd.it/2b0E
2023-12-07,Kingdom of Heaven,2005,https://boxd.it/28Gs
2023-12-11,Burn After Reading,2008,https://boxd.it/23BW
2023-12-11,Grave of the Fireflies,1988,https://boxd.it/1RUM
2023-12-12,The Covenant,2023,https://boxd.it/xjcK
2023-12-12,Eyes Wide Shut,1999,https://boxd.it/2axs
2023-12-26,The Italian Job,2003,https://boxd.it/1Y86
2024-01-04,Cloud Atlas,2012,https://boxd.it/2W60
2024-01-05,Dune,2021,https://boxd.it/fA7G
2024-01-05,Manchester by the Sea,2016,https://boxd.it/b2L0
2024-01-06,The Peanut Butter Falcon,2019,https://boxd.it/gzu2
2024-01-11,Awakenings,1990,https://boxd.it/1USu
2024-01-16,Chungking Express,1994,https://boxd.it/1UDa
2024-01-28,Philadelphia,1993,https://boxd.it/1XMk
2024-01-28,Fences,2016,https://boxd.it/dL6A
2024-01-28,Honey Boy,2019,https://boxd.it/ixvm
2024-01-28,Bad Lieutenant,1992,https://boxd.it/1Src
2024-01-28,The Conversation,1974,https://boxd.it/2a38
2024-01-30,Minari,2020,https://boxd.it/mL9M
2024-01-31,Dr. Strangelove or: How I Learned to Stop Worrying and Love the Bomb,1964,https://boxd.it/29eY
2024-01-31,Three Colours: Red,1994,https://boxd.it/2b7q
2024-01-31,JFK,1991,https://boxd.it/29xm
2024-01-31,Past Lives,2023,https://boxd.it/oNB8
2024-01-31,The American Friend,1977,https://boxd.it/1UkC
2024-02-01,Tinker Tailor Soldier Spy,2011,https://boxd.it/FRY
2024-02-04,Kung Fu Hustle,2004,https://boxd.it/1YBi
2024-02-04,Virgin Mountain,2015,https://boxd.it/aorY
2024-02-04,Hostiles,2017,https://boxd.it/dpiO
2024-02-07,The Fugitive,1993,https://boxd.it/230G
2024-02-07,Lonesome Dove,1989,https://boxd.it/9ymM
2024-02-09,A Better Tomorrow,1986,https://boxd.it/1TLW
2024-02-10,The Pianist,2002,https://boxd.it/2aqc
2024-02-11,The Matrix,1999,https://boxd.it/2a1m
2024-02-11,My Own Private Idaho,1991,https://boxd.it/2ak4
2024-02-12,2001: A Space Odyssey,1968,https://boxd.it/2bf0
2024-02-12,The Shining,1980,https://boxd.it/29Nu
2024-02-13,Monster,2023,https://boxd.it/DJEM
2024-02-16,Moonlight,2016,https://boxd.it/d6bE
2024-02-16,Secrets & Lies,1996,https://boxd.it/1UuC
2024-02-16,Dog Day Afternoon,1975,https://boxd.it/29bg
2024-02-16,Phantom Thread,2017,https://boxd.it/e4uc
